{
  "id": "",
  "name": "",
  "font_family": "iconfont",
  "css_prefix_text": "icon-",
  "description": "",
  "glyphs": [
    {
      "icon_id": "658907",
      "name": "洗衣机",
      "font_class": "xiyiji",
      "unicode": "e67d",
      "unicode_decimal": 59005
    },
    {
      "icon_id": "742824",
      "name": "home",
      "font_class": "home",
      "unicode": "e608",
      "unicode_decimal": 58888
    },
    {
      "icon_id": "1016153",
      "name": "租房",
      "font_class": "zufang",
      "unicode": "e638",
      "unicode_decimal": 58936
    },
    {
      "icon_id": "1160253",
      "name": "user-group ",
      "font_class": "usergroup",
      "unicode": "e6ba",
      "unicode_decimal": 59066
    },
    {
      "icon_id": "1486842",
      "name": "我的",
      "font_class": "wode",
      "unicode": "e632",
      "unicode_decimal": 58930
    },
    {
      "icon_id": "1758800",
      "name": "房东",
      "font_class": "fangdong",
      "unicode": "e94a",
      "unicode_decimal": 59722
    },
    {
      "icon_id": "1793741",
      "name": "时间 (2)",
      "font_class": "shijian",
      "unicode": "e652",
      "unicode_decimal": 58962
    },
    {
      "icon_id": "2165224",
      "name": "租房",
      "font_class": "zufang1",
      "unicode": "e69e",
      "unicode_decimal": 59038
    },
    {
      "icon_id": "2414398",
      "name": "找房",
      "font_class": "ziyuan",
      "unicode": "e69f",
      "unicode_decimal": 59039
    },
    {
      "icon_id": "2593660",
      "name": "评论",
      "font_class": "pinglun",
      "unicode": "e61a",
      "unicode_decimal": 58906
    },
    {
      "icon_id": "3620558",
      "name": "宽带",
      "font_class": "_huabanfuben",
      "unicode": "e61b",
      "unicode_decimal": 58907
    },
    {
      "icon_id": "3685163",
      "name": "加号",
      "font_class": "mui-icon-add",
      "unicode": "e501",
      "unicode_decimal": 58625
    },
    {
      "icon_id": "3833564",
      "name": "资讯",
      "font_class": "zixun",
      "unicode": "e65c",
      "unicode_decimal": 58972
    },
    {
      "icon_id": "4381220",
      "name": "ic-maplocation-o",
      "font_class": "ic-maplocation-o",
      "unicode": "e614",
      "unicode_decimal": 58900
    },
    {
      "icon_id": "4408507",
      "name": "home",
      "font_class": "home1",
      "unicode": "e619",
      "unicode_decimal": 58905
    },
    {
      "icon_id": "4439259",
      "name": "电视",
      "font_class": "dianshi",
      "unicode": "e663",
      "unicode_decimal": 58979
    },
    {
      "icon_id": "4534361",
      "name": "next",
      "font_class": "next",
      "unicode": "e50f",
      "unicode_decimal": 58639
    },
    {
      "icon_id": "4572407",
      "name": "prev",
      "font_class": "prev",
      "unicode": "e502",
      "unicode_decimal": 58626
    },
    {
      "icon_id": "4891149",
      "name": "热水器",
      "font_class": "reshuiqi",
      "unicode": "e674",
      "unicode_decimal": 58996
    },
    {
      "icon_id": "5331663",
      "name": "下拉箭头 向下",
      "font_class": "xialajiantouxiangxia",
      "unicode": "e50a",
      "unicode_decimal": 58634
    },
    {
      "icon_id": "5479892",
      "name": "收 藏 (5)",
      "font_class": "shoucang",
      "unicode": "e609",
      "unicode_decimal": 58889
    },
    {
      "icon_id": "5716617",
      "name": "认证",
      "font_class": "renzheng",
      "unicode": "e637",
      "unicode_decimal": 58935
    },
    {
      "icon_id": "6635559",
      "name": "暖气",
      "font_class": "nuanqi",
      "unicode": "e60a",
      "unicode_decimal": 58890
    },
    {
      "icon_id": "6733829",
      "name": "客服",
      "font_class": "kefu",
      "unicode": "e655",
      "unicode_decimal": 58965
    },
    {
      "icon_id": "6874319",
      "name": "放大镜",
      "font_class": "fangdajing",
      "unicode": "e66f",
      "unicode_decimal": 58991
    },
    {
      "icon_id": "6941557",
      "name": "沙发",
      "font_class": "shafa",
      "unicode": "e50b",
      "unicode_decimal": 58635
    },
    {
      "icon_id": "7146773",
      "name": "衣柜",
      "font_class": "yigui",
      "unicode": "e610",
      "unicode_decimal": 58896
    },
    {
      "icon_id": "8073831",
      "name": "shut",
      "font_class": "shut",
      "unicode": "e624",
      "unicode_decimal": 58916
    },
    {
      "icon_id": "9134756",
      "name": "天然气",
      "font_class": "tianranqi",
      "unicode": "e6cc",
      "unicode_decimal": 59084
    },
    {
      "icon_id": "9707005",
      "name": "冰箱",
      "font_class": "bingxiang",
      "unicode": "e605",
      "unicode_decimal": 58885
    },
    {
      "icon_id": "9809370",
      "name": "空调",
      "font_class": "kongtiao",
      "unicode": "eb30",
      "unicode_decimal": 60208
    }
  ]
}
